“ú•t,j“ú,ö‹Æ“ú,“ú’¼“ú,“ú’¼,‘ås–,s–,o’£,’ño,•ñ,‰ñ“š,—ˆZ,‹³‘Š,”N‹x,“Á‹x,E–Æ,U‹x,‚Ù‚©,•a‹x,ˆç‹x,˜A—
2025/04/01,,False,True,,Šw”Nn‹x‹Æ“ú,,,,,,,,,,,,,,,
2025/04/02,,False,True,,Šw”Nn‹x‹Æ“ú,,,,,,,,,,,,,,,
2025/04/03,,False,True,,Šw”Nn‹x‹Æ“ú,,,,,,,,,,,,,,,
2025/04/04,,False,True,,Šw”Nn‹x‹Æ“ú,,,,,,,,,,,,,,,
2025/04/05,,False,False,,Šw”Nn‹x‹Æ“ú,,,,,,,,,,,,,,,
2025/04/06,,False,False,,Šw”Nn‹x‹Æ“ú,,,,,,,,,,,,,,,
2025/04/07,,False,True,,Šw”Nn‹x‹Æ“ú,,,,,,,,,,,,,,,
2025/04/08,,True,True,,“üŠw®<br>‘æ‚PŠwŠún‹Æ®,,,,,,,,,,,,,,,
2025/04/09,,True,True,,,,,,,,,,,,,,,,,
2025/04/10,,True,True,,g‘ÌŒv‘ª1,,,,,,,,,,,,,,,
2025/04/11,,True,True,,g‘ÌŒv‘ª1,,,,,,,,,,,,,,,
2025/04/12,,False,False,,,,,,,,,,,,,,,,,
2025/04/13,,False,False,,,,,,,,,,,,,,,,,
2025/04/14,,True,True,,‹—Í,,,,,,,,,,,,,,,
2025/04/15,,True,True,,‹—Í<br>’®—ÍŒŸ¸<br>”ğ“ïŒP—ûb”ğ“ïŒo˜H,,,,,,,,,,,,,,,
2025/04/16,,True,True,,’®—ÍŒŸ¸<br>Œğ’ÊˆÀ‘S‹³º1,,,,,,,,,,,,,,,
2025/04/17,,True,True,,,,,,,,,,,,,,,,,
2025/04/18,,True,True,,‹—Í<br>Œğ’ÊˆÀ‘S‹³º1,,,,,,,,,,,,,,,
2025/04/19,,False,False,,,,,,,,,,,,,,,,,
2025/04/20,,False,False,,,,,,,,,,,,,,,,,
2025/04/21,,True,True,,,,,,,,,,,,,,,,,
2025/04/22,,True,True,,,,,,,,,,,,,,,,,
2025/04/23,,True,True,,,,,,,,,,,,,,,,,
2025/04/24,,True,True,,‚P”N¶‚ğŒ}‚¦‚é‰ï,,,,,,,,,,,,,,,
2025/04/25,,True,True,,S“d}ŒŸ¸<br>Œğ’ÊˆÀ‘S‹³º2,,,,,,,,,,,,,,,
2025/04/26,,False,False,,,,,,,,,,,,,,,,,
2025/04/27,,False,False,,,,,,,,,,,,,,,,,
2025/04/28,,True,True,,,,,,,,,,,,,,,,,
2025/04/29,º˜a‚Ì“ú,False,False,,,,,,,,,,,,,,,,,
2025/04/30,,True,True,,,,,,,,,,,,,,,,,
2025/05/01,,True,True,,”ğ“ïŒP—ûb•sRÒ,,,,,,,,,,,,,,,
2025/05/02,,True,True,,‘SZœ‘1,,,,,,,,,,,,,,,
2025/05/03,Œ›–@‹L”O“ú,False,False,,,,,,,,,,,,,,,,,
2025/05/04,‚İ‚Ç‚è‚Ì“ú,False,False,,,,,,,,,,,,,,,,,
2025/05/05,‚±‚Ç‚à‚Ì“ú,False,False,,,,,,,,,,,,,,,,,
2025/05/06,U‘Ö‹x“ú,False,False,,,,,,,,,,,,,,,,,
2025/05/07,,True,True,,,,,,,,,,,,,,,,,
2025/05/08,,True,True,,‰^“®‰ï‘S‘Ì—ûK1,,,,,,,,,,,,,,,
2025/05/09,,True,True,,,,,,,,,,,,,,,,,
2025/05/10,,False,False,,,,,,,,,,,,,,,,,
2025/05/11,,False,False,,,,,,,,,,,,,,,,,
2025/05/12,,True,True,,,,,,,,,,,,,,,,,
2025/05/13,,True,True,,,,,,,,,,,,,,,,,
2025/05/14,,True,True,,‰^“®‰ï‘S‘Ì—ûK2<br>‰^“®‰ï€”õ1,,,,,,,,,,,,,,,
2025/05/15,,True,True,,¨•@‰ÈŒŸf,,,,,,,,,,,,,,,
2025/05/16,,True,True,,‰^“®‰ï€”õ2,,,,,,,,,,,,,,,
2025/05/17,,False,False,,‰^“®‰ï,,,,,,,,,,,,,,,
2025/05/18,,False,False,,,,,,,,,,,,,,,,,
2025/05/19,,True,True,,,,,,,,,,,,,,,,,
2025/05/20,,True,True,,,,,,,,,,,,,,,,,
2025/05/21,,True,True,,•‰ÈŒŸf,,,,,,,,,,,,,,,
2025/05/22,,True,True,,,,,,,,,,,,,,,,,
2025/05/23,,True,True,,“à‰ÈŒŸf,,,,,,,,,,,,,,,
2025/05/24,,False,False,,,,,,,,,,,,,,,,,
2025/05/25,,False,False,,,,,,,,,,,,,,,,,
2025/05/26,,True,True,,,,,,,,,,,,,,,,,
2025/05/27,,True,True,,,,,,,,,,,,,,,,,
2025/05/28,,True,True,,ƒv[ƒ‹´‘|,,,,,,,,,,,,,,,
2025/05/29,,True,True,,,,,,,,,,,,,,,,,
2025/05/30,,True,True,,“à‰ÈŒŸf,,,,,,,,,,,,,,,
2025/05/31,,False,False,,,,,,,,,,,,,,,,,
2025/06/01,,False,False,,,,,,,,,,,,,,,,,
2025/06/02,,True,True,,,,,,,,,,,,,,,,,
2025/06/03,,True,True,,,,,,,,,,,,,,,,,
2025/06/04,,True,True,,•‰ÈŒŸf,,,,,,,,,,,,,,,
2025/06/05,,True,True,,,,,,,,,,,,,,,,,
2025/06/06,,True,True,,“à‰ÈŒŸf,,,,,,,,,,,,,,,
2025/06/07,,False,False,,,,,,,,,,,,,,,,,
2025/06/08,,False,False,,,,,,,,,,,,,,,,,
2025/06/09,,True,True,,,,,,,,,,,,,,,,,
2025/06/10,,True,True,,,,,,,,,,,,,,,,,
2025/06/11,,True,True,,•‰ÈŒŸf,,,,,,,,,,,,,,,
2025/06/12,,True,True,,,,,,,,,,,,,,,,,
2025/06/13,,True,True,,,,,,,,,,,,,,,,,
2025/06/14,,False,False,,,,,,,,,,,,,,,,,
2025/06/15,,False,False,,,,,,,,,,,,,,,,,
2025/06/16,,True,True,,,,,,,,,,,,,,,,,
2025/06/17,,True,True,,,,,,,,,,,,,,,,,
2025/06/18,,True,True,,,,,,,,,,,,,,,,,
2025/06/19,,True,True,,,,,,,,,,,,,,,,,
2025/06/20,,True,True,,,,,,,,,,,,,,,,,
2025/06/21,,False,False,,,,,,,,,,,,,,,,,
2025/06/22,,False,False,,,,,,,,,,,,,,,,,
2025/06/23,,True,True,,,,,,,,,,,,,,,,,
2025/06/24,,True,True,,”ğ“ïŒP—ûbˆø“n,,,,,,,,,,,,,,,
2025/06/25,,True,True,,,,,,,,,,,,,,,,,
2025/06/26,,True,True,,‚ä‚è‚Ì–Øƒ^ƒCƒ€1,,,,,,,,,,,,,,,
2025/06/27,,True,True,,‚ä‚è‚Ì–Øƒ^ƒCƒ€2,,,,,,,,,,,,,,,
2025/06/28,,False,False,,,,,,,,,,,,,,,,,
2025/06/29,,False,False,,,,,,,,,,,,,,,,,
2025/06/30,,True,True,,,,,,,,,,,,,,,,,
2025/07/01,,True,True,,,,,,,,,,,,,,,,,
2025/07/02,,True,True,,,,,,,,,,,,,,,,,
2025/07/03,,True,True,,,,,,,,,,,,,,,,,
2025/07/04,,True,True,,,,,,,,,,,,,,,,,
2025/07/05,,False,False,,,,,,,,,,,,,,,,,
2025/07/06,,False,False,,,,,,,,,,,,,,,,,
2025/07/07,,True,True,,,,,,,,,,,,,,,,,
2025/07/08,,True,True,,,,,,,,,,,,,,,,,
2025/07/09,,True,True,,,,,,,,,,,,,,,,,
2025/07/10,,True,True,,,,,,,,,,,,,,,,,
2025/07/11,,True,True,,,,,,,,,,,,,,,,,
2025/07/12,,False,False,,,,,,,,,,,,,,,,,
2025/07/13,,False,False,,,,,,,,,,,,,,,,,
2025/07/14,,True,True,,‚±‚±‚ë‚ÌŒ€ê,,,,,,,,,,,,,,,
2025/07/15,,True,True,,,,,,,,,,,,,,,,,
2025/07/16,,True,True,,,,,,,,,,,,,,,,,
2025/07/17,,True,True,,,,,,,,,,,,,,,,,
2025/07/18,,True,True,,,,,,,,,,,,,,,,,
2025/07/19,,False,False,,,,,,,,,,,,,,,,,
2025/07/20,,False,False,,,,,,,,,,,,,,,,,
2025/07/21,ŠC‚Ì“ú,False,False,,,,,,,,,,,,,,,,,
2025/07/22,,False,True,,‰Ä‹G‹x‹Æ“ú,,,,,,,,,,,,,,,
2025/07/23,,False,True,,‰Ä‹G‹x‹Æ“ú,,,,,,,,,,,,,,,
2025/07/24,,False,True,,‰Ä‹G‹x‹Æ“ú,,,,,,,,,,,,,,,
2025/07/25,,False,True,,‰Ä‹G‹x‹Æ“ú,,,,,,,,,,,,,,,
2025/07/26,,False,False,,‰Ä‹G‹x‹Æ“ú,,,,,,,,,,,,,,,
2025/07/27,,False,False,,‰Ä‹G‹x‹Æ“ú,,,,,,,,,,,,,,,
2025/07/28,,False,True,,‰Ä‹G‹x‹Æ“ú,,,,,,,,,,,,,,,
2025/07/29,,False,True,,‰Ä‹G‹x‹Æ“ú,,,,,,,,,,,,,,,
2025/07/30,,False,True,,‰Ä‹G‹x‹Æ“ú,,,,,,,,,,,,,,,
2025/07/31,,False,True,,‰Ä‹G‹x‹Æ“ú,,,,,,,,,,,,,,,
2025/08/01,,False,True,,‰Ä‹G‹x‹Æ“ú,,,,,,,,,,,,,,,
2025/08/02,,False,False,,‰Ä‹G‹x‹Æ“ú,,,,,,,,,,,,,,,
2025/08/03,,False,False,,‰Ä‹G‹x‹Æ“ú,,,,,,,,,,,,,,,
2025/08/04,,False,True,,‰Ä‹G‹x‹Æ“ú,,,,,,,,,,,,,,,
2025/08/05,,False,True,,‰Ä‹G‹x‹Æ“ú,,,,,,,,,,,,,,,
2025/08/06,,False,True,,‰Ä‹G‹x‹Æ“ú,,,,,,,,,,,,,,,
2025/08/07,,False,True,,‰Ä‹G‹x‹Æ“ú,,,,,,,,,,,,,,,
2025/08/08,,False,True,,‰Ä‹G‹x‹Æ“ú,,,,,,,,,,,,,,,
2025/08/09,,False,False,,‰Ä‹G‹x‹Æ“ú,,,,,,,,,,,,,,,
2025/08/10,,False,False,,‰Ä‹G‹x‹Æ“ú,,,,,,,,,,,,,,,
2025/08/11,R‚Ì“ú,False,False,,‰Ä‹G‹x‹Æ“ú,,,,,,,,,,,,,,,
2025/08/12,,False,True,,‰Ä‹G‹x‹Æ“ú,,,,,,,,,,,,,,,
2025/08/13,,False,True,,‰Ä‹G‹x‹Æ“ú,,,,,,,,,,,,,,,
2025/08/14,,False,True,,‰Ä‹G‹x‹Æ“ú,,,,,,,,,,,,,,,
2025/08/15,,False,True,,‰Ä‹G‹x‹Æ“ú,,,,,,,,,,,,,,,
2025/08/16,,False,False,,‰Ä‹G‹x‹Æ“ú,,,,,,,,,,,,,,,
2025/08/17,,False,False,,‰Ä‹G‹x‹Æ“ú,,,,,,,,,,,,,,,
2025/08/18,,False,True,,‰Ä‹G‹x‹Æ“ú,,,,,,,,,,,,,,,
2025/08/19,,False,True,,‰Ä‹G‹x‹Æ“ú,,,,,,,,,,,,,,,
2025/08/20,,False,True,,‰Ä‹G‹x‹Æ“ú,,,,,,,,,,,,,,,
2025/08/21,,False,True,,‰Ä‹G‹x‹Æ“ú,,,,,,,,,,,,,,,
2025/08/22,,False,True,,‰Ä‹G‹x‹Æ“ú,,,,,,,,,,,,,,,
2025/08/23,,False,False,,,,,,,,,,,,,,,,,
2025/08/24,,False,False,,,,,,,,,,,,,,,,,
2025/08/25,,True,True,,,,,,,,,,,,,,,,,
2025/08/26,,True,True,,,,,,,,,,,,,,,,,
2025/08/27,,True,True,,,,,,,,,,,,,,,,,
2025/08/28,,True,True,,,,,,,,,,,,,,,,,
2025/08/29,,True,True,,,,,,,,,,,,,,,,,
2025/08/30,,False,False,,,,,,,,,,,,,,,,,
2025/08/31,,False,False,,,,,,,,,,,,,,,,,
2025/09/01,,True,True,,,,,,,,,,,,,,,,,
2025/09/02,,True,True,,,,,,,,,,,,,,,,,
2025/09/03,,True,True,,,,,,,,,,,,,,,,,
2025/09/04,,True,True,,,,,,,,,,,,,,,,,
2025/09/05,,True,True,,,,,,,,,,,,,,,,,
2025/09/06,,False,False,,,,,,,,,,,,,,,,,
2025/09/07,,False,False,,,,,,,,,,,,,,,,,
2025/09/08,,True,True,,,,,,,,,,,,,,,,,
2025/09/09,,True,True,,–ìŠOŠˆ“®1“ú–Ú,,,,,,,,,,,,,,,
2025/09/10,,True,True,,–ìŠOŠˆ“®2“ú–Ú,,,,,,,,,,,,,,,
2025/09/11,,True,True,,,,,,,,,,,,,,,,,
2025/09/12,,True,True,,,,,,,,,,,,,,,,,
2025/09/13,,False,False,,,,,,,,,,,,,,,,,
2025/09/14,,False,False,,,,,,,,,,,,,,,,,
2025/09/15,Œh˜V‚Ì“ú,False,False,,,,,,,,,,,,,,,,,
2025/09/16,,True,True,,,,,,,,,,,,,,,,,
2025/09/17,,True,True,,,,,,,,,,,,,,,,,
2025/09/18,,True,True,,,,,,,,,,,,,,,,,
2025/09/19,,True,True,,,,,,,,,,,,,,,,,
2025/09/20,,False,False,,,,,,,,,,,,,,,,,
2025/09/21,,False,False,,,,,,,,,,,,,,,,,
2025/09/22,,True,True,,,,,,,,,,,,,,,,,
2025/09/23,H•ª‚Ì“ú,False,False,,,,,,,,,,,,,,,,,
2025/09/24,,True,True,,,,,,,,,,,,,,,,,
2025/09/25,,True,True,,‚ä‚è‚Ì–Øƒ^ƒCƒ€3,,,,,,,,,,,,,,,
2025/09/26,,True,True,,,,,,,,,,,,,,,,,
2025/09/27,,False,False,,,,,,,,,,,,,,,,,
2025/09/28,,False,False,,,,,,,,,,,,,,,,,
2025/09/29,,True,True,,,,,,,,,,,,,,,,,
2025/09/30,,True,True,,”ğ“ïŒP—ûb‰ÎĞ,,,,,,,,,,,,,,,
2025/10/01,,True,True,,,,,,,,,,,,,,,,,
2025/10/02,,True,True,,,,,,,,,,,,,,,,,
2025/10/03,,True,True,,,,,,,,,,,,,,,,,
2025/10/04,,False,False,,,,,,,,,,,,,,,,,
2025/10/05,,False,False,,,,,,,,,,,,,,,,,
2025/10/06,,True,True,,‘SZœ‘2,,,,,,,,,,,,,,,
2025/10/07,,True,True,,,,,,,,,,,,,,,,,
2025/10/08,,True,True,,,,,,,,,,,,,,,,,
2025/10/09,,True,True,,,,,,,,,,,,,,,,,
2025/10/10,,True,True,,‘æ‚PŠwŠúI‹Æ®,,,,,,,,,,,,,,,
2025/10/11,,False,False,,,,,,,,,,,,,,,,,
2025/10/12,,False,False,,,,,,,,,,,,,,,,,
2025/10/13,ƒXƒ|[ƒc‚Ì“ú,False,False,,,,,,,,,,,,,,,,,
2025/10/14,,False,True,,ŠwŠúŠÔ‹x‹Æ“ú,,,,,,,,,,,,,,,
2025/10/15,,False,True,,ŠwŠúŠÔ‹x‹Æ“ú,,,,,,,,,,,,,,,
2025/10/16,,True,True,,‘æ‚QŠwŠún‹Æ®,,,,,,,,,,,,,,,
2025/10/17,,True,True,,g‘ÌŒv‘ª2,,,,,,,,,,,,,,,
2025/10/18,,False,False,,,,,,,,,,,,,,,,,
2025/10/19,,False,False,,,,,,,,,,,,,,,,,
2025/10/20,,True,True,,,,,,,,,,,,,,,,,
2025/10/21,,True,True,,,,,,,,,,,,,,,,,
2025/10/22,,True,True,,,,,,,,,,,,,,,,,
2025/10/23,,True,True,,g‘ÌŒv‘ª2,,,,,,,,,,,,,,,
2025/10/24,,True,True,,,,,,,,,,,,,,,,,
2025/10/25,,False,False,,,,,,,,,,,,,,,,,
2025/10/26,,False,False,,,,,,,,,,,,,,,,,
2025/10/27,,True,True,,CŠw—·s1“ú–Ú,,,,,,,,,,,,,,,
2025/10/28,,True,True,,CŠw—·s2“ú–Ú,,,,,,,,,,,,,,,
2025/10/29,,True,True,,,,,,,,,,,,,,,,,
2025/10/30,,True,True,,,,,,,,,,,,,,,,,
2025/10/31,,True,True,,,,,,,,,,,,,,,,,
2025/11/01,,False,False,,,,,,,,,,,,,,,,,
2025/11/02,,False,False,,,,,,,,,,,,,,,,,
2025/11/03,•¶‰»‚Ì“ú,False,False,,,,,,,,,,,,,,,,,
2025/11/04,,True,True,,,,,,,,,,,,,,,,,
2025/11/05,,True,True,,,,,,,,,,,,,,,,,
2025/11/06,,True,True,,ŠwK”­•\‰ï—ûK1<br>s‰¹Šy”­•\‰ï,,,,,,,,,,,,,,,
2025/11/07,,True,True,,ŠwK”­•\‰ï—ûK2,,,,,,,,,,,,,,,
2025/11/08,,False,False,,,,,,,,,,,,,,,,,
2025/11/09,,False,False,,,,,,,,,,,,,,,,,
2025/11/10,,True,True,,ŠwK”­•\‰ï—ûK3,,,,,,,,,,,,,,,
2025/11/11,,True,True,,ŠwK”­•\‰ï—ûK4,,,,,,,,,,,,,,,
2025/11/12,,True,True,,ŠwK”­•\‰ï™“¶ŒöŠJ,,,,,,,,,,,,,,,
2025/11/13,,True,True,,,,,,,,,,,,,,,,,
2025/11/14,,True,True,,ŠwK”­•\‰ï€”õ,,,,,,,,,,,,,,,
2025/11/15,,False,False,,ŠwK”­•\‰ïˆê”ÊŒöŠJ<br>ŠwK”­•\‰ï•Ğ•t‚¯,,,,,,,,,,,,,,,
2025/11/16,,False,False,,,,,,,,,,,,,,,,,
2025/11/17,,True,True,,,,,,,,,,,,,,,,,
2025/11/18,,True,True,,,,,,,,,,,,,,,,,
2025/11/19,,True,True,,,,,,,,,,,,,,,,,
2025/11/20,,True,True,,,,,,,,,,,,,,,,,
2025/11/21,,True,True,,,,,,,,,,,,,,,,,
2025/11/22,,False,False,,,,,,,,,,,,,,,,,
2025/11/23,‹Î˜JŠ´Ó‚Ì“ú,False,False,,,,,,,,,,,,,,,,,
2025/11/24,U‘Ö‹x“ú,False,False,,,,,,,,,,,,,,,,,
2025/11/25,,True,True,,,,,,,,,,,,,,,,,
2025/11/26,,True,True,,,,,,,,,,,,,,,,,
2025/11/27,,True,True,,,,,,,,,,,,,,,,,
2025/11/28,,True,True,,,,,,,,,,,,,,,,,
2025/11/29,,False,False,,,,,,,,,,,,,,,,,
2025/11/30,,False,False,,,,,,,,,,,,,,,,,
2025/12/01,,True,True,,,,,,,,,,,,,,,,,
2025/12/02,,True,True,,,,,,,,,,,,,,,,,
2025/12/03,,True,True,,,,,,,,,,,,,,,,,
2025/12/04,,True,True,,”ğ“ïŒP—ûb‰ºZ,,,,,,,,,,,,,,,
2025/12/05,,True,True,,,,,,,,,,,,,,,,,
2025/12/06,,False,False,,,,,,,,,,,,,,,,,
2025/12/07,,False,False,,,,,,,,,,,,,,,,,
2025/12/08,,True,True,,,,,,,,,,,,,,,,,
2025/12/09,,True,True,,,,,,,,,,,,,,,,,
2025/12/10,,True,True,,,,,,,,,,,,,,,,,
2025/12/11,,True,True,,‚ä‚è‚Ì–Øƒ^ƒCƒ€4,,,,,,,,,,,,,,,
2025/12/12,,True,True,,,,,,,,,,,,,,,,,
2025/12/13,,False,False,,,,,,,,,,,,,,,,,
2025/12/14,,False,False,,,,,,,,,,,,,,,,,
2025/12/15,,True,True,,,,,,,,,,,,,,,,,
2025/12/16,,True,True,,,,,,,,,,,,,,,,,
2025/12/17,,True,True,,,,,,,,,,,,,,,,,
2025/12/18,,True,True,,,,,,,,,,,,,,,,,
2025/12/19,,True,True,,,,,,,,,,,,,,,,,
2025/12/20,,False,False,,,,,,,,,,,,,,,,,
2025/12/21,,False,False,,,,,,,,,,,,,,,,,
2025/12/22,,True,True,,,,,,,,,,,,,,,,,
2025/12/23,,True,True,,,,,,,,,,,,,,,,,
2025/12/24,,False,True,,“~‹G‹x‹Æ“ú,,,,,,,,,,,,,,,
2025/12/25,,False,True,,“~‹G‹x‹Æ“ú,,,,,,,,,,,,,,,
2025/12/26,,False,True,,“~‹G‹x‹Æ“ú,,,,,,,,,,,,,,,
2025/12/27,,False,False,,“~‹G‹x‹Æ“ú,,,,,,,,,,,,,,,
2025/12/28,,False,False,,“~‹G‹x‹Æ“ú,,,,,,,,,,,,,,,
2025/12/29,,False,True,,“~‹G‹x‹Æ“ú,,,,,,,,,,,,,,,
2025/12/30,,False,True,,“~‹G‹x‹Æ“ú,,,,,,,,,,,,,,,
2025/12/31,,False,True,,“~‹G‹x‹Æ“ú,,,,,,,,,,,,,,,
2026/01/01,Œ³“ú,False,False,,“~‹G‹x‹Æ“ú,,,,,,,,,,,,,,,
2026/01/02,,False,True,,“~‹G‹x‹Æ“ú,,,,,,,,,,,,,,,
2026/01/03,,False,False,,“~‹G‹x‹Æ“ú,,,,,,,,,,,,,,,
2026/01/04,,False,False,,“~‹G‹x‹Æ“ú,,,,,,,,,,,,,,,
2026/01/05,,False,True,,“~‹G‹x‹Æ“ú,,,,,,,,,,,,,,,
2026/01/06,,False,True,,“~‹G‹x‹Æ“ú,,,,,,,,,,,,,,,
2026/01/07,,False,True,,“~‹G‹x‹Æ“ú,,,,,,,,,,,,,,,
2026/01/08,,True,True,,,,,,,,,,,,,,,,,
2026/01/09,,True,True,,,,,,,,,,,,,,,,,
2026/01/10,,False,False,,,,,,,,,,,,,,,,,
2026/01/11,,False,False,,,,,,,,,,,,,,,,,
2026/01/12,¬l‚Ì“ú,False,False,,,,,,,,,,,,,,,,,
2026/01/13,,True,True,,,,,,,,,,,,,,,,,
2026/01/14,,True,True,,,,,,,,,,,,,,,,,
2026/01/15,,True,True,,,,,,,,,,,,,,,,,
2026/01/16,,True,True,,,,,,,,,,,,,,,,,
2026/01/17,,False,False,,,,,,,,,,,,,,,,,
2026/01/18,,False,False,,,,,,,,,,,,,,,,,
2026/01/19,,True,True,,,,,,,,,,,,,,,,,
2026/01/20,,True,True,,,,,,,,,,,,,,,,,
2026/01/21,,True,True,,,,,,,,,,,,,,,,,
2026/01/22,,True,True,,,,,,,,,,,,,,,,,
2026/01/23,,True,True,,,,,,,,,,,,,,,,,
2026/01/24,,False,False,,,,,,,,,,,,,,,,,
2026/01/25,,False,False,,,,,,,,,,,,,,,,,
2026/01/26,,True,True,,,,,,,,,,,,,,,,,
2026/01/27,,True,True,,,,,,,,,,,,,,,,,
2026/01/28,,True,True,,,,,,,,,,,,,,,,,
2026/01/29,,True,True,,,,,,,,,,,,,,,,,
2026/01/30,,True,True,,,,,,,,,,,,,,,,,
2026/01/31,,False,False,,,,,,,,,,,,,,,,,
2026/02/01,,False,False,,,,,,,,,,,,,,,,,
2026/02/02,,True,True,,,,,,,,,,,,,,,,,
2026/02/03,,True,True,,,,,,,,,,,,,,,,,
2026/02/04,,True,True,,,,,,,,,,,,,,,,,
2026/02/05,,True,True,,,,,,,,,,,,,,,,,
2026/02/06,,True,True,,,,,,,,,,,,,,,,,
2026/02/07,,False,False,,,,,,,,,,,,,,,,,
2026/02/08,,False,False,,,,,,,,,,,,,,,,,
2026/02/09,,True,True,,,,,,,,,,,,,,,,,
2026/02/10,,True,True,,,,,,,,,,,,,,,,,
2026/02/11,Œš‘‹L”O‚Ì“ú,False,False,,,,,,,,,,,,,,,,,
2026/02/12,,True,True,,,,,,,,,,,,,,,,,
2026/02/13,,True,True,,,,,,,,,,,,,,,,,
2026/02/14,,False,False,,,,,,,,,,,,,,,,,
2026/02/15,,False,False,,,,,,,,,,,,,,,,,
2026/02/16,,True,True,,,,,,,,,,,,,,,,,
2026/02/17,,True,True,,,,,,,,,,,,,,,,,
2026/02/18,,True,True,,,,,,,,,,,,,,,,,
2026/02/19,,True,True,,,,,,,,,,,,,,,,,
2026/02/20,,True,True,,,,,,,,,,,,,,,,,
2026/02/21,,False,False,,,,,,,,,,,,,,,,,
2026/02/22,,False,False,,,,,,,,,,,,,,,,,
2026/02/23,“Vc’a¶“ú,False,False,,,,,,,,,,,,,,,,,
2026/02/24,,True,True,,,,,,,,,,,,,,,,,
2026/02/25,,True,True,,,,,,,,,,,,,,,,,
2026/02/26,,True,True,,,,,,,,,,,,,,,,,
2026/02/27,,True,True,,,,,,,,,,,,,,,,,
2026/02/28,,False,False,,,,,,,,,,,,,,,,,
2026/03/01,,False,False,,,,,,,,,,,,,,,,,
2026/03/02,,True,True,,,,,,,,,,,,,,,,,
2026/03/03,,True,True,,,,,,,,,,,,,,,,,
2026/03/04,,True,True,,,,,,,,,,,,,,,,,
2026/03/05,,True,True,,,,,,,,,,,,,,,,,
2026/03/06,,True,True,,,,,,,,,,,,,,,,,
2026/03/07,,False,False,,,,,,,,,,,,,,,,,
2026/03/08,,False,False,,,,,,,,,,,,,,,,,
2026/03/09,,True,True,,,,,,,,,,,,,,,,,
2026/03/10,,True,True,,,,,,,,,,,,,,,,,
2026/03/11,,True,True,,,,,,,,,,,,,,,,,
2026/03/12,,True,True,,,,,,,,,,,,,,,,,
2026/03/13,,True,True,,,,,,,,,,,,,,,,,
2026/03/14,,False,False,,,,,,,,,,,,,,,,,
2026/03/15,,False,False,,,,,,,,,,,,,,,,,
2026/03/16,,True,True,,,,,,,,,,,,,,,,,
2026/03/17,,True,True,,,,,,,,,,,,,,,,,
2026/03/18,,True,True,,,,,,,,,,,,,,,,,
2026/03/19,,True,True,,,,,,,,,,,,,,,,,
2026/03/20,t•ª‚Ì“ú,False,False,,,,,,,,,,,,,,,,,
2026/03/21,,False,False,,,,,,,,,,,,,,,,,
2026/03/22,,False,False,,,,,,,,,,,,,,,,,
2026/03/23,,True,True,,,,,,,,,,,,,,,,,
2026/03/24,,True,True,,,,,,,,,,,,,,,,,
2026/03/25,,False,True,,Šw”N––‹x‹Æ“ú,,,,,,,,,,,,,,,
2026/03/26,,False,True,,Šw”N––‹x‹Æ“ú,,,,,,,,,,,,,,,
2026/03/27,,False,True,,Šw”N––‹x‹Æ“ú,,,,,,,,,,,,,,,
2026/03/28,,False,False,,Šw”N––‹x‹Æ“ú,,,,,,,,,,,,,,,
2026/03/29,,False,False,,Šw”N––‹x‹Æ“ú,,,,,,,,,,,,,,,
2026/03/30,,False,True,,Šw”N––‹x‹Æ“ú,,,,,,,,,,,,,,,
2026/03/31,,False,True,,Šw”N––‹x‹Æ“ú,,,,,,,,,,,,,,,
